{
  "mAP50": 0.6569340416256337,
  "mAP50_95": 0.3762145991505829,
  "precision": 0.7791812514667982,
  "recall": 0.5963181722615675
}